Transecto,Periodo,"Tasa de cambio anual, en metros (-erosión,+acreción)"
Transecto 1,,-2.7023603373649103
Transecto 2,,1.5873685710521852
Transecto 3,,1.1540819194327703
Transecto 4,,0.44267995062883553
Transecto 5,,-0.9547284886942521
Transecto 6,,-0.7004077806732503
Transecto 7,,1.0513632283652385
Transecto 8,,-0.11166049081281616
Transecto 9,,-1.7339647108086198
Transecto 10,,-0.9934154974419279
Transecto 11,,-1.3081697025438113
Transecto 12,,-1.2502898441221317
