Transecto,Periodo,"Tasa de cambio anual, en metros (-erosión,+acreción)"
Transecto 1,,1.2903756504766433
Transecto 2,,0.7815731918439701
Transecto 3,,-0.2624743724664161
Transecto 4,,-0.4573780784433314
Transecto 5,,-0.6834242608425019
Transecto 6,,-0.7700367166311002
Transecto 7,,-0.6992130755049352
Transecto 8,,0.08366149992958777
