Transecto,Periodo,"Tasa de cambio anual, en metros (-erosión,+acreción)"
Transecto 1,,-3.1918843594679456
Transecto 2,,-10.187320184267033
Transecto 3,,-1.8797723338825745
Transecto 4,,-5.756178575821902
Transecto 5,,-1.953191715033273
Transecto 6,,-2.2330966186679286
Transecto 7,,-4.839012023818558
Transecto 8,,-4.111308801396974
Transecto 9,,-0.7852840208634049
Transecto 10,,1.9272422229135209
Transecto 11,,3.6898825055824966
Transecto 12,,5.782290254415629
Transecto 13,,9.364470395398573
