Transecto,Periodo,"Tasa de cambio anual, en metros (-erosión,+acreción)"
Transecto 1,,-1.76439745782308
Transecto 2,,-2.7670255168260773
Transecto 3,,-3.4269581242284
Transecto 4,,-3.172626167951394
Transecto 5,,-4.139056559951665
Transecto 6,,-4.127079603344611
