Transecto,Periodo,"Tasa de cambio anual, en metros (-erosión,+acreción)"
Transecto 1,,-0.2930551513315547
Transecto 2,,-0.06463830466377507
Transecto 3,,-0.11792057700034753
Transecto 4,,-0.44305400749550694
Transecto 5,,-0.46925795518442626
Transecto 6,,-0.19095666727437122
Transecto 7,,0.16411349204422532
