Transecto,Periodo,"Tasa de cambio anual, en metros (-erosión,+acreción)"
Transecto 1,,-0.6562931617062764
Transecto 2,,0.09562022552406724
Transecto 3,,-0.3720895205725101
Transecto 4,,-0.596483689603641
Transecto 5,,-0.11793465801443381
Transecto 6,,-0.46576610162016835
