Transecto,Periodo,"Tasa de cambio anual, en metros (-erosión,+acreción)"
Transecto 1,,0.002794526680671746
Transecto 2,,0.2774366280785206
Transecto 3,,-0.3442002213685454
Transecto 4,,-0.6422521009628752
Transecto 5,,-0.34550665609840153
Transecto 6,,-0.37690003020765467
Transecto 7,,0.13099055650087021
Transecto 8,,-0.24767371212878977
Transecto 9,,-0.802765901321041
Transecto 10,,-0.7265621976913229
Transecto 11,,-0.6289662036895795
Transecto 12,,-0.9226241837650928
